<!-- Use stable and unique id's!-->
<core:FragmentDefinition
    xmlns:core="sap.ui.core"
    xmlns:smartForm="sap.ui.comp.smartform" 
    xmlns:smartField="sap.ui.comp.smartfield">

    <smartForm:Group id="idSmartFormReturnsGroup1" label="Returns">

        <!-- EDUK: Stop acc. -->
        <smartForm:GroupElement id="idSmartFormReturnsGroupElement1">
            <smartField:SmartField id="idSubSectionReturnsField1" value="{ZZ1_ReturnsAllowedchec_SAL}"/>
        </smartForm:GroupElement>
    
        <!-- EDUK: Stop Bill. -->
        <smartForm:GroupElement id="idSmartFormReturnsGroupElement2">
            <smartField:SmartField id="idSubSectionReturnsField2" value="{ZZ1_ReturnPerFrom_SAL}"/>
        </smartForm:GroupElement>

        <!-- EDUK: Stop Bill. -->
        <smartForm:GroupElement id="idSmartFormReturnsGroupElement3">
            <smartField:SmartField id="idSubSectionReturnsField3" value="{ZZ1_ReturnPerTo_SAL}"/>
        </smartForm:GroupElement>
        
    </smartForm:Group>
    
</core:FragmentDefinition>