<!-- Use stable and unique IDs!-->
<core:FragmentDefinition xmlns:core='sap.ui.core' xmlns='sap.m' xmlns:smartField="sap.ui.comp.smartfield" xmlns:smartForm="sap.ui.comp.smartform" xmlns:uxap="sap.uxap">
    <uxap:ObjectPageSubSection id="idGISubSection8" title="Packaging Material Data" titleUppercase="false" visible="{parts: [{value:'PMD'},{path:'ProductType'}], formatter: '.extension.ZMD_PROD_MAS_S1_A.ObjectExtension.handleTabVisibility'}">
        <uxap:blocks>
	        
            <smartForm:SmartForm id="idGISubSection8SmartForm" editable="{ui>/editable}">
                <smartForm:layout>
                    <smartForm:ColumnLayout id="idGISubSection8SmartColumnLayout" columnsXL="4" columnsL="3" columnsM="2" labelCellsLarge="12" emptyCellsLarge="0" />
                </smartForm:layout>
                  
                <smartForm:Group id="idGISubSection8Group1">
                    <!-- Packaging Material Group -->
                    <smartForm:GroupElement id="idGISubSection8GroupElement1" visible="{= !${ui>/editable}}">
                        <smartField:SmartField id="idGISubSection8Field1" value="{PackagingMaterialGroup}" />
                    </smartForm:GroupElement>
                    <smartForm:GroupElement id="idGISubSection8GroupElement1-0" label="{/#C_ProductType/PackagingMaterialGroup/@sap:label}" visible="{ui>/editable}">
                        <ComboBox id="idGISubSection8Field1-1" selectedKey="{PackagingMaterialGroup}" showSecondaryValues="true" items="{oProductCompositionIndicator>/}">
                           <core:ListItem id="idGISubSection8Field1-2" key="{oProductCompositionIndicator>MaterialGroup}" text="{oProductCompositionIndicator>MaterialGroup}" additionalText="{oProductCompositionIndicator>MatGrpDesc}" />
                        </ComboBox>
                     </smartForm:GroupElement>

                    <!-- Packaging Reference Group -->
                    <smartForm:GroupElement id="idGISubSection8GroupElement2">
                        <smartField:SmartField id="idGISubSection8Field2" value="{PackingReferenceProduct}" />
                    </smartForm:GroupElement>

                    <!-- Product composition indicator Group -->
                    <smartForm:GroupElement id="idGISubSection8GroupElement3">
                        <smartField:SmartField id="idGISubSection8Field3" value="{ProductComposition}" />
                    </smartForm:GroupElement>
                </smartForm:Group>
            </smartForm:SmartForm>

        </uxap:blocks>
    </uxap:ObjectPageSubSection>
</core:FragmentDefinition>