<?xml version="1.0" encoding="UTF-8"?>
<!-- Use stable and unique id's!-->
<core:FragmentDefinition xmlns:core="sap.ui.core" xmlns="sap.m" xmlns:smartField="sap.ui.comp.smartfield" xmlns:smartForm="sap.ui.comp.smartform" xmlns:uxap="sap.uxap">
   <uxap:ObjectPageSection id="idSection1" title="section1" titleUppercase="false">
      <uxap:subSections>
         <uxap:ObjectPageSubSection id="idSection1SubSection1" title="Physical Characterisitics" titleUppercase="false" visible="{ parts: [{value:'PHY'}, {path:'ProductType'}], formatter: '.extension.ZMD_PROD_MAS_S1_A.ObjectExtension.handleTabVisibility'}">
            <uxap:blocks>
               
               <smartForm:SmartForm id="idSmartForm1" editable="{ui>/editable}">
                  <smartForm:layout>
                     <smartForm:ColumnLayout id="idSmartColumnLayout1" columnsXL="4" columnsL="3" columnsM="2" labelCellsLarge="12" emptyCellsLarge="0" />
                  </smartForm:layout>
                  
                  <smartForm:Group id="idSmartForm1Group1" label="Product Features">
                     <!--Media Type-->
                     <smartForm:GroupElement id="idSmartFormGroupElement18" visible="{= !${ui>/editable}}">
                        <smartField:SmartField id="idSubSectionField18" value="{ZZ1_MediaType_PRD}" />
                     </smartForm:GroupElement>
                     <smartForm:GroupElement id="idSmartFormGroupElement18-0" visible="{ui>/editable}">
                        <Select id="idSubSectionField18-1" selectedKey="{ZZ1_MediaType_PRD}" showSecondaryValues="true" forceSelection="false" items="{/ZZ1_MediaTypeSet}">
                           <core:ListItem id="idSubSectionField18-2" key="{Code}" text="{Code}" additionalText="{Description}" />
                        </Select>
                     </smartForm:GroupElement>
                     <!--Extent-->
                     <smartForm:GroupElement id="idSmartFormGroupElement19" visible="{= !${ui>/editable}}">
                        <smartField:SmartField id="idSubSectionField19" value="{ZZ1_Extent_PRD}" />
                     </smartForm:GroupElement>
                     <smartForm:GroupElement id="idSmartFormGroupElement19-0" visible="{ui>/editable}">
                        <Input id="idSubSectionField19-1" value="{ZZ1_Extent_PRD}" />
                        <Select id="idSubSectionField19-2" selectedKey="{ZZ1_Extent_PRDU}" showSecondaryValues="true" forceSelection="false" items="{/CFDUnitOfMeasureSet}">
                           <core:ListItem id="idSubSectionField19-3" key="{Code}" text="{Code}" additionalText="{Description}" />
                        </Select>
                     </smartForm:GroupElement>
                     <!--Standard Format-->
                     <smartForm:GroupElement id="idSmartFormGroupElement20" visible="{= !${ui>/editable}}">
                        <smartField:SmartField id="idSubSectionField20" value="{ZZ1_StandardFormat_PRD}" />
                     </smartForm:GroupElement>
                     <smartForm:GroupElement id="idSmartFormGroupElement20-0" visible="{ui>/editable}">
                        <Select id="idSubSectionField20-1" selectedKey="{ZZ1_StandardFormat_PRD}" showSecondaryValues="true" forceSelection="false" items="{/ZZ1_StandardFormatSet}">
                           <core:ListItem id="idSubSectionField20-2" key="{Code}" text="{Code}" additionalText="{Description}" />
                        </Select>
                     </smartForm:GroupElement>
                     <!--Product Presentation-->
                     <smartForm:GroupElement id="idSmartFormGroupElement21" visible="{= !${ui>/editable}}">
                        <smartField:SmartField id="idSubSectionField21" value="{ZZ1_ProdPresentation_PRD}" />
                     </smartForm:GroupElement>
                     <smartForm:GroupElement id="idSmartFormGroupElement21-0" visible="{ui>/editable}">
                        <Select id="idSubSectionField21-1" selectedKey="{ZZ1_ProdPresentation_PRD}" showSecondaryValues="true" forceSelection="false" items="{/ZZ1_ProdPresentationSet}">
                           <core:ListItem id="idSubSectionField21-2" key="{Code}" text="{Code}" additionalText="{Description}" />
                        </Select>
                     </smartForm:GroupElement>
                     <!--Feature1 -->
                     <smartForm:GroupElement id="idSmartFormGroupElement22" visible="{= !${ui>/editable}}">
                        <smartField:SmartField id="idSubSectionField22" value="{ZZ1_Feature1_PRD}" />
                     </smartForm:GroupElement>
                     <smartForm:GroupElement id="idSmartFormGroupElement22-0" visible="{ui>/editable}">
                        <Select id="idSubSectionField22-1" selectedKey="{ZZ1_Feature1_PRD}" showSecondaryValues="true" forceSelection="false" items="{/ZZ1_Feature1Set}">
                           <core:ListItem id="idSubSectionField22-2" key="{Code}" text="{Code}" additionalText="{Description}" />
                        </Select>
                     </smartForm:GroupElement>
                     <!--Feature1 Quantity with UOM-->
                     <smartForm:GroupElement id="idSmartFormGroupElement23" visible="{= !${ui>/editable}}">
                        <smartField:SmartField id="idSubSectionField23" value="{ZZ1_Feature1Quantity_PRD}" />
                     </smartForm:GroupElement>
                     <smartForm:GroupElement id="idSmartFormGroupElement23-0" visible="{ui>/editable}">
                        <Input id="idSubSectionField23-1" value="{ZZ1_Feature1Quantity_PRD}" />
                        <Select id="idSubSectionField23-2" selectedKey="{ZZ1_Feature1Quantity_PRDU}" showSecondaryValues="true" forceSelection="false" items="{/CFDUnitOfMeasureSet}">
                           <core:ListItem id="idSubSectionField23-3" key="{Code}" text="{Code}" additionalText="{Description}" />
                        </Select>
                     </smartForm:GroupElement>
                     <!--Feature2 -->
                     <smartForm:GroupElement id="idSmartFormGroupElement24" visible="{= !${ui>/editable}}">
                        <smartField:SmartField id="idSubSectionField24" value="{ZZ1_Feature2_PRD}" />
                     </smartForm:GroupElement>
                     <smartForm:GroupElement id="idSmartFormGroupElement24-0" visible="{ui>/editable}">
                        <Select id="idSubSectionField24-1" selectedKey="{ZZ1_Feature2_PRD}" showSecondaryValues="true" forceSelection="false" items="{/ZZ1_Feature2Set}">
                           <core:ListItem id="idSubSectionField24-2" key="{Code}" text="{Code}" additionalText="{Description}" />
                        </Select>
                     </smartForm:GroupElement>
                     <!--Unit for Feature2 Quantity-->
                     <smartForm:GroupElement id="idSmartFormGroupElement25" visible="{= !${ui>/editable}}">
                        <smartField:SmartField id="idSubSectionField25" value="{ZZ1_Feature2Quantity_PRD}" />
                     </smartForm:GroupElement>
                     <smartForm:GroupElement id="idSmartFormGroupElement25-0" visible="{ui>/editable}">
                        <Input id="idSubSectionField25-1" value="{ZZ1_Feature2Quantity_PRD}" />
                        <Select id="idSubSectionField25-2" selectedKey="{ZZ1_Feature2Quantity_PRDU}" showSecondaryValues="true" forceSelection="false" items="{/CFDUnitOfMeasureSet}">
                           <core:ListItem id="idSubSectionField25-3" key="{Code}" text="{Code}" additionalText="{Description}" />
                        </Select>
                     </smartForm:GroupElement>
                  </smartForm:Group>
                  
                  <smartForm:Group id="idSmartForm1Group2" label="Dimensions">
                     <!--Dimensions-Length Format-->
                     <smartForm:GroupElement id="idSmartFormGroupElement26" visible="{= !${ui>/editable}}">
                        <smartField:SmartField id="idSubSectionField26" value="{ZZ1_Lengthformat_PRD}" />
                     </smartForm:GroupElement>
                     <smartForm:GroupElement id="idSmartFormGroupElement26-0" visible="{ui>/editable}">
                        <Input id="idSubSectionField26-1" value="{ZZ1_Lengthformat_PRD}" />
                        <Select id="idSubSectionField26-2" selectedKey="{ZZ1_Lengthformat_PRDU}" showSecondaryValues="true" forceSelection="false" items="{/CFDUnitOfMeasureSet}">
                           <core:ListItem id="idSubSectionField26-3" key="{Code}" text="{Code}" additionalText="{Description}" />
                        </Select>
                     </smartForm:GroupElement>
                     <!--Width-Length Format-->
                     <smartForm:GroupElement id="idSmartFormGroupElement27" visible="{= !${ui>/editable}}">
                        <smartField:SmartField id="idSubSectionField27" value="{ZZ1_Widthformat_PRD}" />
                     </smartForm:GroupElement>
                     <smartForm:GroupElement id="idSmartFormGroupElement27-0" visible="{ui>/editable}">
                        <Input id="idSubSectionField27-1" value="{ZZ1_Widthformat_PRD}" />
                        <Select id="idSubSectionField27-2" selectedKey="{ZZ1_Widthformat_PRDU}" showSecondaryValues="true" forceSelection="false" items="{/CFDUnitOfMeasureSet}">
                           <core:ListItem id="idSubSectionField27-3" key="{Code}" text="{Code}" additionalText="{Description}" />
                        </Select>
                     </smartForm:GroupElement>
                     <!--Thickness Format-->
                     <smartForm:GroupElement id="idSmartFormGroupElement28" visible="{= !${ui>/editable}}">
                        <smartField:SmartField id="idSubSectionField28" value="{ZZ1_Thickness_PRD}" />
                     </smartForm:GroupElement>
                     <smartForm:GroupElement id="idSmartFormGroupElement28-0" visible="{ui>/editable}">
                        <Input id="idSubSectionField28-1" value="{ZZ1_Thickness_PRD}" />
                        <Select id="idSubSectionField28-2" selectedKey="{ZZ1_Thickness_PRDU}" showSecondaryValues="true" forceSelection="false" items="{/CFDUnitOfMeasureSet}">
                           <core:ListItem id="idSubSectionField28-3" key="{Code}" text="{Code}" additionalText="{Description}" />
                        </Select>
                     </smartForm:GroupElement>
                  </smartForm:Group>
                  
                  <smartForm:Group id="idSmartForm1Group3" label="Paper/Page Weights">
                     <!--Paper/Page of weights - Weight of paper-->
                     <smartForm:GroupElement id="idSmartFormGroupElement29" visible="{= !${ui>/editable}}">
                        <smartField:SmartField id="idSubSectionField29" value="{ZZ1_Weightofpaper_PRD}" />
                     </smartForm:GroupElement>
                     <smartForm:GroupElement id="idSmartFormGroupElement29-0" visible="{ui>/editable}">
                        <Input id="idSubSectionField29-1" value="{ZZ1_Weightofpaper_PRD}" />
                        <Select id="idSubSectionField29-2" selectedKey="{ZZ1_Weightofpaper_PRDU}" showSecondaryValues="true" forceSelection="false" items="{/CFDUnitOfMeasureSet}">
                           <core:ListItem id="idSubSectionField29-3" key="{Code}" text="{Code}" additionalText="{Description}" />
                        </Select>
                     </smartForm:GroupElement>
                     <!--Paper/Page of weights - Leaf Weight-->
                     <smartForm:GroupElement id="idSmartFormGroupElement30" visible="{= !${ui>/editable}}">
                        <smartField:SmartField id="idSubSectionField30" value="{ZZ1_Leafweight_PRD}" />
                     </smartForm:GroupElement>
                     <smartForm:GroupElement id="idSmartFormGroupElement30-0" visible="{ui>/editable}">
                        <Input id="idSubSectionField30-1" value="{ZZ1_Leafweight_PRD}" />
                        <Select id="idSubSectionField30-2" selectedKey="{ZZ1_Leafweight_PRDU}" showSecondaryValues="true" forceSelection="false" items="{/CFDUnitOfMeasureSet}">
                           <core:ListItem id="idSubSectionField30-3" key="{Code}" text="{Code}" additionalText="{Description}" />
                        </Select>
                     </smartForm:GroupElement>
                     <!--Paper/Page of weights - paper wt common part-->
                     <smartForm:GroupElement id="idSmartFormGroupElement31" visible="{= !${ui>/editable}}">
                        <smartField:SmartField id="idSubSectionField31" value="{ZZ1_Paperwtcommonpart_PRD}" />
                     </smartForm:GroupElement>
                     <smartForm:GroupElement id="idSmartFormGroupElement31-0" visible="{ui>/editable}">
                        <Input id="idSubSectionField31-1" value="{ZZ1_Paperwtcommonpart_PRD}" />
                        <Select id="idSubSectionField31-2" selectedKey="{ZZ1_Paperwtcommonpart_PRDU}" showSecondaryValues="true" forceSelection="false" items="{/CFDUnitOfMeasureSet}">
                           <core:ListItem id="idSubSectionField31-3" key="{Code}" text="{Code}" additionalText="{Description}" />
                        </Select>
                     </smartForm:GroupElement>
                     <!--Paper/Page of weights - LWt Common part-->
                     <smartForm:GroupElement id="idSmartFormGroupElement32" visible="{= !${ui>/editable}}">
                        <smartField:SmartField id="idSubSectionField32" value="{ZZ1_LeafWtcommonpart_PRD}" />
                     </smartForm:GroupElement>
                     <smartForm:GroupElement id="idSmartFormGroupElement32-0" visible="{ui>/editable}">
                        <Input id="idSubSectionField32-1" value="{ZZ1_LeafWtcommonpart_PRD}" />
                        <Select id="idSubSectionField32-2" selectedKey="{ZZ1_LeafWtcommonpart_PRDU}" showSecondaryValues="true" forceSelection="false" items="{/CFDUnitOfMeasureSet}">
                           <core:ListItem id="idSubSectionField32-3" key="{Code}" text="{Code}" additionalText="{Description}" />
                        </Select>
                     </smartForm:GroupElement>
                  </smartForm:Group>
                  
                  <smartForm:Group id="idSmartForm1Group4" label="Specification Fields">
                     <!--Specification fields -Text Color-->
                     <smartForm:GroupElement id="idSmartFormGroupElement33">
                        <smartField:SmartField id="idSubSectionField33" value="{ZZ1_Textcolour_PRD}" />
                     </smartForm:GroupElement>
                     <!--Specification fields - Text Colour Text-->
                     <smartForm:GroupElement id="idSmartFormGroupElement34">
                        <smartField:SmartField id="idSubSectionField34" value="{ZZ1_Textcolourdescript_PRD}" />
                     </smartForm:GroupElement>
                     <!--Specification fields - Main Text-->
                     <smartForm:GroupElement id="idSmartFormGroupElement35">
                        <smartField:SmartField id="idSubSectionField35" value="{ZZ1_MaintextPP_PRD}" />
                     </smartForm:GroupElement>
                     <!--Specification fields - Cover Colours-->
                     <smartForm:GroupElement id="idSmartFormGroupElement36">
                        <smartField:SmartField id="idSubSectionField36" value="{ZZ1_Covercolours_PRD}" />
                     </smartForm:GroupElement>
                     <!--Specification fields - Bleeds-->
                     <smartForm:GroupElement id="idSmartFormGroupElement37" visible="{= !${ui>/editable}}">
                        <smartField:SmartField id="idSubSectionField37" value="{ZZ1_Bleeds_PRD}" />
                     </smartForm:GroupElement>
                     <smartForm:GroupElement id="idSmartFormGroupElement37-0" visible="{ui>/editable}">
                        <Select id="idSubSectionField37-1" selectedKey="{ZZ1_Bleeds_PRD}" showSecondaryValues="true" forceSelection="false" items="{/ZZ1_BleedsSet}">
                           <core:ListItem id="idSubSectionField37-2" key="{Code}" text="{Code}" additionalText="{Description}" />
                        </Select>
                     </smartForm:GroupElement>
                     <!--Specification fields - Cover Finish-->
                     <smartForm:GroupElement id="idSmartFormGroupElement38">
                        <smartField:SmartField id="idSubSectionField38" value="{ZZ1_CoverFinish_PRD}" />
                     </smartForm:GroupElement>
                     <!--Specification fields - Cover style-->
                     <smartForm:GroupElement id="idSmartFormGroupElement39">
                        <smartField:SmartField id="idSubSectionField39" value="{ZZ1_Coverstyle_PRD}" />
                     </smartForm:GroupElement>
                     <!--Specification fields - Plates-->
                     <smartForm:GroupElement id="idSmartFormGroupElement40" visible="{= !${ui>/editable}}">
                        <smartField:SmartField id="idSubSectionField40" value="{ZZ1_Plates_PRD}" />
                     </smartForm:GroupElement>
                     <smartForm:GroupElement id="idSmartFormGroupElement40-0" visible="{ui>/editable}">
                        <Select id="idSubSectionField40-1" selectedKey="{ZZ1_Plates_PRD}" showSecondaryValues="true" forceSelection="false" items="{/ZZ1_PlatesSet}">
                           <core:ListItem id="idSubSectionField40-2" key="{Code}" text="{Code}" additionalText="{Description}" />
                        </Select>
                     </smartForm:GroupElement>
                     <!--Specification fields - Plate Pages-->
                     <smartForm:GroupElement id="idSmartFormGroupElement41">
                        <smartField:SmartField id="idSubSectionField41" value="{ZZ1_Platesnopages_PRD}" />
                     </smartForm:GroupElement>
                     <!--Specification fields -Plate Colour-->
                     <smartForm:GroupElement id="idSmartFormGroupElement42">
                        <smartField:SmartField id="idSubSectionField42" value="{ZZ1_Platescolour_PRD}" />
                     </smartForm:GroupElement>
                     <!--Specification fields -Plate Position-->
                     <smartForm:GroupElement id="idSmartFormGroupElement43">
                        <smartField:SmartField id="idSubSectionField43" value="{ZZ1_Plateposition_PRD}" />
                     </smartForm:GroupElement>
                     <!--Specification fields -Text paper weight gsm-->
                     <smartForm:GroupElement id="idSmartFormGroupElement44">
                        <smartField:SmartField id="idSubSectionField44" value="{ZZ1_Textpaperweightgsm_PRD}" />
                     </smartForm:GroupElement>
                  </smartForm:Group>

               </smartForm:SmartForm>

            </uxap:blocks>
         </uxap:ObjectPageSubSection>
      </uxap:subSections>
   </uxap:ObjectPageSection>
</core:FragmentDefinition>