<!-- Use stable and unique id's!-->
<core:FragmentDefinition 
    xmlns="sap.m"
    xmlns:core="sap.ui.core" 
    xmlns:smartForm="sap.ui.comp.smartform"
    xmlns:smartField="sap.ui.comp.smartfield">

    <smartForm:Group id="idSmartFormCustomGroup0" label="Custom Fields">
        
        <!-- GHIJ Indicator -->
        <smartForm:GroupElement id="idSmartFormGroupElementP02" visible="{= !${ui>/editable}}">
            <smartField:SmartField id="idSubSectionFieldP02" value="{ZZ1_GHIJIndicator_PLT}" />
        </smartForm:GroupElement>
        <smartForm:GroupElement id="idSmartFormGroupElementP02-0" visible="{ui>/editable}">
            <ComboBox id="idSubSectionFieldP02-1" selectedKey="{ZZ1_GHIJIndicator_PLT}" showSecondaryValues="true" items="{/ZZ1_GHIJIndicatorSet}">
                <core:ListItem id="idSubSectionFieldP02-2" key="{Code}" text="{Code}" additionalText="{Description}" />
            </ComboBox>
        </smartForm:GroupElement>

        <!-- New/Est Flag -->
        <smartForm:GroupElement id="idSmartFormGroupElementP03" visible="{= !${ui>/editable}}">
            <smartField:SmartField id="idSubSectionFieldP03" value="{ZZ1_NewEstablishFlag_PLT}" />
        </smartForm:GroupElement>
        <smartForm:GroupElement id="idSmartFormGroupElementP03-0" visible="{ui>/editable}">
            <ComboBox id="idSubSectionFieldP03-1" selectedKey="{ZZ1_NewEstablishFlag_PLT}" showSecondaryValues="true" items="{/ZZ1_NewEstablishFlagSet}">
                <core:ListItem id="idSubSectionFieldP03-2" key="{Code}" text="{Code}" additionalText="{Description}" />
            </ComboBox>
        </smartForm:GroupElement>

        <!-- Soft Indicator -->
        <smartForm:GroupElement id="idSmartFormGroupElementP04" visible="{= !${ui>/editable}}">
            <smartField:SmartField id="idSubSectionFieldP04" value="{ZZ1_SoftIndicator1_PLT}" />
        </smartForm:GroupElement>
        <smartForm:GroupElement id="idSmartFormGroupElementP04-0" visible="{ui>/editable}">
            <ComboBox id="idSubSectionFieldP04-1" selectedKey="{ZZ1_SoftIndicator1_PLT}" showSecondaryValues="true" items="{/ZZ1_SoftIndicator1Set}">
                <core:ListItem id="idSubSectionFieldP04-2" key="{Code}" text="{Code}" additionalText="{Description}" />
            </ComboBox>
        </smartForm:GroupElement>

        <!-- Stock Receiving Date -->
        <smartForm:GroupElement id="idSmartFormGroupElementP05">
            <smartField:SmartField id="idSubSectionFieldP05" value="{ZZ1_StockReceivingDate_PLT}" />
        </smartForm:GroupElement>

        <!-- Publication Date -->
        <!-- <smartForm:GroupElement id="idSmartFormGroupElementP06">
            <smartField:SmartField id="idSubSectionFieldP06" value="{ZZ1_PublicationDate_PLT}" />
        </smartForm:GroupElement> -->
        
        <!-- Establish Stok Date -->
        <smartForm:GroupElement id="idSmartFormGroupElementP07">
            <smartField:SmartField id="idSubSectionFieldP07" value="{ZZ1_EstStockAvailDate_PLT}" />
        </smartForm:GroupElement>
        
    </smartForm:Group>

</core:FragmentDefinition>